TRIP_NUMBER,VEHICAL_ID,CARD_DRIVER,PICKUP_DATETIME,PICKUP_LATITUDE,PICKUP_LONGTITUDE,DROPOFF_DATETIME,DROPOFF_LATITUDE,DROPOFF_LONGTITUDE,METER_FARE
1,2000.0,CHAIYA,2020-05-22 06:31:29.000,13.66285,100.42933000000001,2020-05-22 06:38:37.000,13.64935,100.42043000000001,53
2,2000.0,CHAIYA,2020-05-22 07:15:33.000,13.66335,100.44027,2020-05-22 07:39:05.000,13.67751,100.51411,95
3,2000.0,CHAIYA,2020-05-22 07:54:28.000,13.67915,100.46823,2020-05-22 08:24:47.000,13.780129999999998,100.42425,199
4,2000.0,CHAIYA,2020-05-22 08:44:34.000,13.73814,100.45064,2020-05-22 09:02:01.000,13.70362,100.40768,85
5,2000.0,CHAIYA,2020-05-22 10:24:54.000,13.672970000000001,100.45625,2020-05-22 10:27:31.000,13.678270000000001,100.46061,37
6,2000.0,CHAIYA,2020-05-22 10:31:39.000,13.679979999999999,100.46898,2020-05-22 10:57:27.000,13.743360000000001,100.5014,97
7,2000.0,CHAIYA,2020-05-22 10:58:45.000,13.74435,100.50208,2020-05-22 11:05:58.000,13.75244,100.48944,45
8,2000.0,CHAIYA,2020-05-22 11:29:37.000,13.742220000000001,100.49644,2020-05-22 11:45:08.000,13.72211,100.50296,67
9,2000.0,CHAIYA,2020-05-22 11:52:55.000,13.730479999999998,100.50809,2020-05-22 12:41:01.000,13.70526,100.60104,201
10,2000.0,CHAIYA,2020-05-22 12:48:29.000,13.715129999999998,100.57615,2020-05-22 13:12:01.000,13.73758,100.51419,87
11,2000.0,CHAIYA,2020-05-22 13:19:26.000,13.74283,100.50650999999999,2020-05-22 13:39:10.000,13.720989999999999,100.46816,85
12,2000.0,CHAIYA,2020-05-22 13:42:16.000,13.71907,100.46684,2020-05-22 13:46:31.000,13.720989999999999,100.4777,37
1,2001,UNKNOWN,2020-05-22 06:24:32.000,13.727129999999999,100.43494,2020-05-22 07:00:13.000,13.919089999999999,100.60148000000001,305.0
2,2001,UNKNOWN,2020-05-22 08:15:44.000,13.825289999999999,100.49648,2020-05-22 08:43:31.000,13.722129999999998,100.45758000000001,149.0
3,2001,UNKNOWN,2020-05-22 09:41:23.000,13.74964,100.47695,2020-05-22 10:04:04.000,13.81308,100.54885999999999,145.0
4,2001,UNKNOWN,2020-05-22 10:20:53.000,13.78878,100.50125,2020-05-22 10:41:59.000,13.767320000000002,100.5332,81.0
5,2001,UNKNOWN,2020-05-22 10:51:25.000,13.76639,100.53901,2020-05-22 11:12:04.000,13.7171,100.57033,99.0
6,2001,UNKNOWN,2020-05-22 12:07:36.000,13.710770000000002,100.50965,2020-05-22 12:15:36.000,13.721210000000001,100.5144,45.0
7,2001,UNKNOWN,2020-05-22 12:21:09.000,13.735,100.51397,2020-05-22 12:58:08.000,13.79155,100.51405,109.0
8,2001,UNKNOWN,2020-05-22 13:07:59.000,13.77951,100.50638000000001,2020-05-22 13:20:36.000,13.75484,100.49574,67.0
9,2001,UNKNOWN,2020-05-22 14:39:55.000,13.719529999999999,100.45549,2020-05-22 15:01:24.000,13.80439,100.4493,93.0
1,2004,ROTSOD,2020-05-22 05:57:18.000,13.684660000000001,100.28952,2020-05-22 06:09:00.000,13.654129999999999,100.25459000000001,69.0
2,2004,ROTSOD,2020-05-22 06:27:05.000,13.6916,100.32679,2020-05-22 06:39:19.000,13.80149,100.3263,103.0
3,2004,ROTSOD,2020-05-22 07:00:57.000,13.704320000000001,100.32008,2020-05-22 07:14:26.000,13.71923,100.33027,75.0
4,2004,ROTSOD,2020-05-22 07:46:27.000,13.64666,100.29339,2020-05-22 07:58:25.000,13.57916,100.27546,85.0
5,2004,ROTSOD,2020-05-22 08:17:41.000,13.60374,100.28516,2020-05-22 09:00:19.000,13.54395,100.27941,151.0
6,2004,ROTSOD,2020-05-22 09:26:20.000,13.576579999999998,100.27336,2020-05-22 11:21:35.000,14.03946,100.61608000000001,755.0
7,2004,ROTSOD,2020-05-22 12:52:31.000,13.80436,100.41133,2020-05-22 13:03:59.000,13.785179999999999,100.44131,67.0
8,2004,ROTSOD,2020-05-22 13:28:52.000,13.78602,100.37796,2020-05-22 13:42:06.000,13.78602,100.29847,77.0
1,2004,RUETAN,2020-05-22 17:23:59.000,13.65412,100.26655,2020-05-22 17:43:12.000,13.70841,100.27848,89.0
2,2004,RUETAN,2020-05-22 17:52:17.000,13.70841,100.27848,2020-05-22 18:02:44.000,13.71708,100.23675,63.0
3,2004,RUETAN,2020-05-22 18:04:08.000,13.717989999999999,100.23975,2020-05-22 18:28:37.000,13.785979999999999,100.27622,153.0
4,2004,RUETAN,2020-05-22 18:48:30.000,13.80248,100.30476999999999,2020-05-22 19:06:38.000,13.804739999999999,100.31997,65.0
5,2004,RUETAN,2020-05-22 19:53:03.000,13.715829999999999,100.29805999999999,2020-05-22 20:16:03.000,13.803320000000001,100.3194,123.0
6,2004,RUETAN,2020-05-22 20:23:01.000,13.8013,100.3202,2020-05-22 21:04:38.000,13.72719,100.51419,255.0
7,2004,RUETAN,2020-05-22 21:12:23.000,13.739770000000002,100.51252,2020-05-22 21:53:58.000,13.79705,100.3119,223.0
8,2004,RUETAN,2020-05-22 21:56:37.000,13.79785,100.31188,2020-05-22 22:02:20.000,13.79605,100.32741999999999,47.0
9,2004,RUETAN,2020-05-22 22:07:27.000,13.801329999999998,100.32056,2020-05-22 22:12:58.000,13.80429,100.33084000000001,49.0
10,2004,RUETAN,2020-05-22 22:41:47.000,13.710189999999999,100.291,2020-05-22 22:55:37.000,13.74699,100.26073000000001,85.0
11,2004,RUETAN,2020-05-23 03:00:01.000,13.65386,100.25457,2020-05-23 03:16:06.000,13.7196,100.31978000000001,127.0
12,2004,RUETAN,2020-05-24 16:53:46.000,13.598,100.31824,2020-05-24 17:07:52.000,13.556479999999999,100.30100999999999,81.0
13,2004,RUETAN,2020-05-24 17:10:27.000,13.56207,100.29788,2020-05-24 17:25:19.000,13.569120000000002,100.34082,71.0
14,2004,RUETAN,2020-05-24 17:28:40.000,13.571029999999999,100.34754000000001,2020-05-24 17:41:32.000,13.57289,100.28968,91.0
1,2005,YENJAI,2020-05-22 07:36:48.000,13.64984,100.63991,2020-05-22 07:49:36.000,13.68224,100.6417,57.0
2,2005,YENJAI,2020-05-22 08:05:32.000,13.654879999999999,100.64759000000001,2020-05-22 08:18:55.000,13.661420000000001,100.66185,63.0
3,2005,YENJAI,2020-05-22 08:29:04.000,13.660379999999998,100.66209,2020-05-22 08:47:23.000,13.68402,100.61176999999999,83.0
4,2005,YENJAI,2020-05-22 09:34:24.000,13.654129999999999,100.64502,2020-05-22 09:44:59.000,13.66518,100.61743,55.0
5,2005,YENJAI,2020-05-22 09:53:29.000,13.647689999999999,100.62921,2020-05-22 09:58:54.000,13.66518,100.64350999999999,49.0
6,2005,YENJAI,2020-05-22 14:44:13.000,13.62796,100.60535,2020-05-22 15:02:57.000,13.64652,100.57861,75.0
7,2005,YENJAI,2020-05-22 15:09:03.000,13.645489999999999,100.58176999999999,2020-05-22 15:16:06.000,13.63879,100.59294,47.0
8,2005,YENJAI,2020-05-22 16:11:24.000,13.62995,100.6048,2020-05-22 16:39:53.000,13.610660000000001,100.63911,89.0
9,2005,YENJAI,2020-05-22 17:14:17.000,13.6342,100.63068,2020-05-22 17:27:05.000,13.640329999999999,100.63506,49.0
1,2006,nan,2020-05-22 06:41:20.000,13.797820000000002,100.45129,2020-05-22 07:20:39.000,13.7547,100.51448,109.0
2,2006,nan,2020-05-22 07:30:55.000,13.765310000000001,100.48807,2020-05-22 07:43:45.000,13.784120000000001,100.39616,95.0
3,2006,nan,2020-05-22 07:45:37.000,13.77423,100.39504000000001,2020-05-22 07:51:53.000,13.78778,100.36063,57.0
4,2006,nan,2020-05-22 08:02:36.000,13.787529999999999,100.36799,2020-05-22 08:53:45.000,13.756960000000001,100.48342,145.0
5,2006,nan,2020-05-22 10:40:20.000,13.771770000000002,100.46786,2020-05-22 10:54:02.000,13.779810000000001,100.42671999999999,71.0
6,2006,nan,2020-05-22 13:53:10.000,13.77731,100.46518,2020-05-22 14:13:49.000,13.68547,100.44639000000001,125.0
1,2007,PINYOS,2020-05-22 07:38:42.000,13.69573,100.45461,2020-05-22 08:01:26.000,13.66274,100.40711,83.0
2,2007,PINYOS,2020-05-22 08:08:29.000,13.664979999999998,100.4091,2020-05-22 08:24:53.000,13.69854,100.45985999999999,71.0
3,2007,PINYOS,2020-05-22 09:23:38.000,13.754539999999999,100.51445,2020-05-22 09:57:26.000,13.778789999999999,100.56492,105.0
4,2007,PINYOS,2020-05-22 10:27:15.000,13.768579999999998,100.52821999999999,2020-05-22 10:43:31.000,13.77846,100.54836999999999,65.0
5,2007,PINYOS,2020-05-22 11:38:23.000,13.7305,100.50815,2020-05-22 12:05:09.000,13.65352,100.44816,125.0
6,2007,PINYOS,2020-05-22 14:16:07.000,13.69525,100.48232,2020-05-22 14:20:10.000,13.70517,100.48584,43.0
7,2007,PINYOS,2020-05-22 14:56:44.000,13.73448,100.50296,2020-05-22 15:13:34.000,13.73391,100.49292,63.0
8,2007,PINYOS,2020-05-22 15:25:10.000,13.74394,100.49911999999999,2020-05-22 15:50:45.000,13.7846,100.49441999999999,95.0
9,2007,PINYOS,2020-05-22 16:10:06.000,13.77315,100.4819,2020-05-22 16:15:14.000,13.7612,100.47039000000001,41.0
1,2009,nan,2020-05-22 07:21:31.000,13.6865,100.44456,2020-05-22 07:40:15.000,13.723020000000002,100.46195999999999,77.0
2,2009,nan,2020-05-22 08:32:42.000,13.710629999999998,100.40952,2020-05-22 08:51:02.000,13.72719,100.40557,105.0
3,2009,nan,2020-05-22 10:14:22.000,13.78345,100.45345,2020-05-22 10:37:07.000,13.777829999999998,100.35495,115.0
4,2009,nan,2020-05-22 10:49:15.000,13.786539999999999,100.32956,2020-05-22 10:59:19.000,13.791870000000001,100.32183,59.0
5,2009,nan,2020-05-22 11:58:32.000,13.78638,100.37832,2020-05-22 13:40:30.000,14.112779999999999,100.30163,555.0
6,2009,nan,2020-05-22 14:18:42.000,14.008939999999999,100.36764000000001,2020-05-22 14:34:17.000,13.882970000000002,100.40944,127.0
7,2009,nan,2020-05-22 14:56:35.000,13.806070000000002,100.42756999999999,2020-05-22 15:03:45.000,13.798820000000001,100.43825,43.0
1,2010,RODPUN,2020-05-22 06:59:25.000,13.8326,100.52314,2020-05-22 07:23:37.000,13.81444,100.49386,93.0
2,2010,RODPUN,2020-05-22 07:38:12.000,13.840079999999999,100.4965,2020-05-22 07:56:11.000,13.845679999999998,100.5168,63.0
3,2010,RODPUN,2020-05-22 08:03:27.000,13.843679999999999,100.50955,2020-05-22 08:25:33.000,13.89282,100.40454,135.0
4,2010,RODPUN,2020-05-22 09:12:01.000,13.85829,100.41174000000001,2020-05-22 09:22:15.000,13.879270000000002,100.40363,55.0
5,2010,RODPUN,2020-05-22 09:55:05.000,13.8744,100.41792,2020-05-22 10:07:42.000,13.82533,100.41306999999999,63.0
1,2012,KHONGY,2020-05-22 19:13:01.000,14.111939999999999,100.62013,2020-05-22 19:28:06.000,14.12316,100.61901,57.0
2,2012,KHONGY,2020-05-22 19:51:55.000,14.07511,100.618,2020-05-22 19:55:51.000,14.048789999999999,100.61695999999999,47.0
3,2012,KHONGY,2020-05-22 20:03:49.000,14.048789999999999,100.61695999999999,2020-05-22 20:20:35.000,13.97398,100.57415,103.0
4,2012,KHONGY,2020-05-22 20:33:44.000,13.94675,100.54538000000001,2020-05-22 21:09:15.000,13.856370000000002,100.54196,121.0
5,2012,KHONGY,2020-05-22 21:09:43.000,13.85636,100.54183,2020-05-22 21:41:44.000,13.8572,100.52126,141.0
1,2013,MUNKON,2020-05-22 17:27:18.000,13.922320000000001,100.60285,2020-05-22 17:56:52.000,13.81417,100.56029000000001,113.0
2,2013,MUNKON,2020-05-22 19:30:24.000,13.80572,100.54796,2020-05-22 19:47:26.000,13.783129999999998,100.54816,71.0
3,2013,MUNKON,2020-05-22 19:54:37.000,13.794179999999999,100.54951,2020-05-22 20:03:23.000,13.82836,100.55207,57.0
4,2013,MUNKON,2020-05-22 20:05:08.000,13.82334,100.54899,2020-05-22 20:34:01.000,13.77532,100.56237,115.0
5,2013,MUNKON,2020-05-22 20:48:04.000,13.8216,100.57453000000001,2020-05-22 20:52:10.000,13.815779999999998,100.56165,45.0
6,2013,MUNKON,2020-05-22 20:52:15.000,13.815779999999998,100.56165,2020-05-22 20:58:08.000,13.796729999999998,100.56602,47.0
7,2013,MUNKON,2020-05-22 21:05:34.000,13.80737,100.55965,2020-05-22 21:42:39.000,13.85655,100.43498000000001,173.0
1,2017,nan,2020-05-22 17:26:41.000,13.74845,100.52506,2020-05-22 17:32:13.000,13.748429999999999,100.52469,45.0
1,2017,NUIMOE,2020-05-22 04:54:02.000,13.75066,100.52492,2020-05-22 05:22:46.000,13.69656,100.75186,247.0
2,2017,NUIMOE,2020-05-22 06:01:29.000,13.66397,100.65176,2020-05-22 06:06:40.000,13.68011,100.60947,63.0
3,2017,NUIMOE,2020-05-22 06:31:00.000,13.72145,100.55574,2020-05-22 06:55:59.000,13.75531,100.4522,149.0
4,2017,NUIMOE,2020-05-22 07:01:33.000,13.759020000000001,100.45326999999999,2020-05-22 07:24:12.000,13.75814,100.48558,77.0
5,2017,NUIMOE,2020-05-22 07:40:36.000,13.77694,100.47824,2020-05-22 07:47:48.000,13.775170000000001,100.40856,79.0
6,2017,NUIMOE,2020-05-22 11:20:22.000,13.649679999999998,100.41989000000001,2020-05-22 12:16:32.000,13.91794,100.60086,349.0
1,2018,PHUTTA,2020-05-22 09:44:25.000,13.97371,100.6238,2020-05-22 10:02:21.000,13.919670000000002,100.60168,79.0
2,2018,PHUTTA,2020-05-22 10:15:45.000,13.917420000000002,100.60016,2020-05-22 10:30:48.000,13.882579999999999,100.57741,81.0
3,2018,PHUTTA,2020-05-22 10:38:10.000,13.891060000000001,100.58051999999999,2020-05-22 10:57:05.000,13.80323,100.55435,107.0
4,2018,PHUTTA,2020-05-22 10:59:17.000,13.80011,100.55247,2020-05-22 11:17:02.000,13.7797,100.56704,75.0
5,2018,PHUTTA,2020-05-22 11:40:16.000,13.77564,100.56398,2020-05-22 12:16:23.000,13.741620000000001,100.55404,99.0
6,2018,PHUTTA,2020-05-22 12:25:44.000,13.746139999999999,100.56278,2020-05-22 12:30:41.000,13.75725,100.56501999999999,41.0
7,2018,PHUTTA,2020-05-22 12:33:43.000,13.7651,100.56931999999999,2020-05-22 12:46:55.000,13.77912,100.58719,59.0
8,2018,PHUTTA,2020-05-22 13:05:13.000,13.76821,100.57176,2020-05-22 13:13:43.000,13.77927,100.57816,47.0
9,2018,PHUTTA,2020-05-22 13:52:12.000,13.766620000000001,100.53468000000001,2020-05-22 13:54:13.000,13.76379,100.53299,35.0
10,2018,PHUTTA,2020-05-22 14:04:28.000,13.76469,100.53766,2020-05-22 14:19:45.000,13.78525,100.50809,67.0
11,2018,PHUTTA,2020-05-22 14:44:24.000,13.767510000000001,100.53392,2020-05-22 15:14:24.000,13.74271,100.54212,91.0
12,2018,PHUTTA,2020-05-22 15:26:54.000,13.732120000000002,100.53745,2020-05-22 15:52:56.000,13.70752,100.56434,81.0
13,2018,PHUTTA,2020-05-22 15:55:44.000,13.70881,100.5644,2020-05-22 16:20:25.000,13.71543,100.57549,75.0
1,2021,TRUDTH,2020-05-22 10:10:17.000,13.789629999999999,100.61055,2020-05-22 10:14:29.000,13.802439999999999,100.61515,43.0
2,2021,TRUDTH,2020-05-22 10:56:52.000,13.75813,100.56501999999999,2020-05-22 11:16:55.000,13.77856,100.56022,73.0
3,2021,TRUDTH,2020-05-22 11:38:05.000,13.75806,100.56558000000001,2020-05-22 11:55:40.000,13.746620000000002,100.54043,69.0
4,2021,TRUDTH,2020-05-22 11:57:07.000,13.7525,100.54158000000001,2020-05-22 12:20:36.000,13.809389999999999,100.56725,97.0
5,2021,TRUDTH,2020-05-22 13:00:58.000,13.811370000000002,100.55999,2020-05-22 13:10:51.000,13.82891,100.55664,71.0
6,2021,TRUDTH,2020-05-22 13:57:10.000,13.77784,100.55944000000001,2020-05-22 14:11:52.000,13.77854,100.56166999999999,57.0
7,2021,TRUDTH,2020-05-22 14:12:06.000,13.778970000000001,100.56169,2020-05-22 14:32:46.000,13.75649,100.56492,67.0
8,2021,TRUDTH,2020-05-22 14:43:41.000,13.7672,100.57096,2020-05-22 14:52:11.000,13.77658,100.57946,49.0
9,2021,TRUDTH,2020-05-22 15:21:03.000,13.769029999999999,100.57264,2020-05-22 16:51:56.000,13.722320000000002,100.53158,203.0
1,2021,UNKNOWN,2020-05-22 18:03:11.000,13.726460000000001,100.54354000000001,2020-05-22 18:12:15.000,13.7379,100.51657,53.0
2,2021,UNKNOWN,2020-05-22 18:29:34.000,13.73981,100.52241,2020-05-22 19:03:03.000,13.74649,100.53096,91.0
3,2021,UNKNOWN,2020-05-22 19:15:00.000,13.74593,100.53475999999999,2020-05-22 20:38:50.000,13.754220000000002,100.53283,195.0
4,2021,UNKNOWN,2020-05-22 20:56:30.000,13.756479999999998,100.53316,2020-05-22 21:20:03.000,13.82516,100.5306,95.0
5,2021,UNKNOWN,2020-05-22 22:22:09.000,13.848070000000002,100.58036,2020-05-22 22:54:28.000,13.946320000000002,100.70591,167.0
1,2024,SUPHAK,2020-05-22 13:20:31.000,13.7067,100.54377,2020-05-22 13:36:04.000,13.63856,100.52718,95.0
2,2024,SUPHAK,2020-05-22 13:39:34.000,13.64378,100.52485,2020-05-22 13:54:41.000,13.595170000000001,100.54233,79.0
3,2024,SUPHAK,2020-05-22 14:31:49.000,13.673789999999999,100.54274000000001,2020-05-22 14:35:22.000,13.681579999999999,100.52476,43.0
4,2024,SUPHAK,2020-05-22 15:41:35.000,13.688460000000001,100.54784000000001,2020-05-22 15:52:49.000,13.657429999999998,100.51948,71.0
5,2024,SUPHAK,2020-05-22 15:56:43.000,13.659320000000001,100.51865,2020-05-22 16:10:30.000,13.67769,100.49168,63.0
6,2024,SUPHAK,2020-05-22 16:21:05.000,13.69123,100.48106999999999,2020-05-22 16:39:59.000,13.703320000000001,100.46587,61.0
7,2024,SUPHAK,2020-05-22 17:01:10.000,13.717310000000001,100.47798,2020-05-22 17:15:25.000,13.7088,100.49053,59.0
8,2024,SUPHAK,2020-05-22 17:28:20.000,13.690339999999999,100.50443,2020-05-22 17:37:32.000,13.708070000000001,100.51733,55.0
9,2024,SUPHAK,2020-05-22 17:48:54.000,13.68883,100.51398,2020-05-22 18:03:06.000,13.67503,100.53768000000001,55.0
10,2024,SUPHAK,2020-05-22 18:08:40.000,13.67545,100.54458000000001,2020-05-22 18:57:45.000,13.72245,100.55241,125.0
11,2024,SUPHAK,2020-05-22 19:06:18.000,13.72424,100.54889,2020-05-22 19:43:09.000,13.72356,100.5144,107.0
12,2024,SUPHAK,2020-05-22 19:46:38.000,13.722970000000002,100.51654,2020-05-22 19:57:21.000,13.7113,100.51546,49.0
13,2024,SUPHAK,2020-05-22 20:45:21.000,13.7223,100.53184,2020-05-22 20:53:04.000,13.726329999999999,100.51548000000001,49.0
1,2025,OAPPAT,2020-05-22 12:40:47.000,13.7131,100.47887,2020-05-22 12:43:47.000,13.70341,100.48535,39.0
2,2025,OAPPAT,2020-05-22 12:51:03.000,13.705829999999999,100.49074,2020-05-22 12:55:52.000,13.72061,100.5036,47.0
3,2025,OAPPAT,2020-05-22 12:57:12.000,13.720720000000002,100.50023,2020-05-22 13:05:29.000,13.6987,100.47062,61.0
4,2025,OAPPAT,2020-05-22 13:09:21.000,13.704220000000001,100.46755999999999,2020-05-22 13:24:20.000,13.6919,100.4346,101.0
5,2025,OAPPAT,2020-05-22 13:56:23.000,13.7412,100.48346,2020-05-22 14:02:45.000,13.73732,100.49333,43.0
6,2025,OAPPAT,2020-05-22 14:33:12.000,13.70889,100.49502,2020-05-22 14:42:22.000,13.696720000000001,100.49764,53.0
7,2025,OAPPAT,2020-05-22 14:53:18.000,13.70917,100.5103,2020-05-22 15:05:28.000,13.678139999999999,100.53029000000001,69.0
8,2025,OAPPAT,2020-05-22 15:13:38.000,13.680710000000001,100.53057,2020-05-22 15:20:18.000,13.69464,100.49426,57.0
9,2025,OAPPAT,2020-05-22 16:06:13.000,13.70996,100.48758000000001,2020-05-22 16:30:54.000,13.628910000000001,100.53358,105.0
10,2025,OAPPAT,2020-05-22 16:35:26.000,13.628110000000001,100.534,2020-05-22 17:00:31.000,13.6912,100.47966,101.0
11,2025,OAPPAT,2020-05-22 17:08:12.000,13.709660000000001,100.48716,2020-05-22 18:17:19.000,13.77759,100.42655,171.0
1,2026,KANATH,2020-05-22 14:57:10.000,13.80325,100.55399,2020-05-22 15:05:00.000,13.81144,100.54964,53.0
2,2026,KANATH,2020-05-22 15:07:13.000,13.8032,100.54926999999999,2020-05-22 15:22:36.000,13.7617,100.54271999999999,81.0
3,2026,KANATH,2020-05-22 15:47:23.000,13.737429999999998,100.56036999999999,2020-05-22 15:52:13.000,13.729379999999999,100.56284000000001,39.0
4,2026,KANATH,2020-05-22 16:16:55.000,13.739370000000001,100.54704,2020-05-22 16:47:28.000,13.72439,100.52244,87.0
5,2026,KANATH,2020-05-22 16:50:46.000,13.723989999999999,100.52171,2020-05-22 17:06:57.000,13.745079999999998,100.50228,67.0
6,2026,KANATH,2020-05-22 17:08:25.000,13.7449,100.50032,2020-05-22 18:13:38.000,13.68377,100.46437,149.0
7,2026,KANATH,2020-05-22 18:20:42.000,13.68242,100.47842,2020-05-22 18:53:46.000,13.66409,100.42863,107.0
8,2026,KANATH,2020-05-22 19:38:29.000,13.699320000000002,100.46276,2020-05-22 19:54:48.000,13.691239999999999,100.48128,61.0
9,2026,KANATH,2020-05-22 20:36:45.000,13.74271,100.5071,2020-05-22 21:12:34.000,13.74673,100.52834,103.0
10,2026,KANATH,2020-05-22 21:28:43.000,13.743620000000002,100.53021,2020-05-22 22:19:45.000,13.79989,100.60282,165.0
1,2026,TANOMS,2020-05-22 03:18:59.000,13.81233,100.54581999999999,2020-05-22 03:36:34.000,13.77547,100.46597,129.0
2,2026,TANOMS,2020-05-22 03:45:25.000,13.775360000000001,100.48337,2020-05-22 03:50:26.000,13.780420000000001,100.50931,51.0
3,2026,TANOMS,2020-05-22 04:10:49.000,13.83433,100.52129000000001,2020-05-22 04:27:32.000,13.761560000000001,100.4992,93.0
4,2026,TANOMS,2020-05-22 04:31:59.000,13.764779999999998,100.50565999999999,2020-05-22 04:43:07.000,13.78369,100.53455,65.0
5,2026,TANOMS,2020-05-22 05:26:33.000,13.81303,100.54614000000001,2020-05-22 05:42:18.000,13.84564,100.49128,91.0
6,2026,TANOMS,2020-05-22 06:13:23.000,13.826239999999999,100.53099,2020-05-22 06:33:28.000,13.769420000000002,100.52803,81.0
7,2026,TANOMS,2020-05-22 06:57:13.000,13.822970000000002,100.53276,2020-05-22 07:14:30.000,13.83165,100.53875,63.0
1,2027,MASAME,2020-05-22 07:59:41.000,13.71081,100.49805,2020-05-22 08:27:07.000,13.75495,100.37532,165.0
2,2027,MASAME,2020-05-22 08:40:23.000,13.746039999999999,100.39522,2020-05-22 08:50:52.000,13.7834,100.40023000000001,67.0
3,2027,MASAME,2020-05-22 09:10:09.000,13.741610000000001,100.4228,2020-05-22 09:21:40.000,13.7228,100.45788,61.0
4,2027,MASAME,2020-05-22 09:47:08.000,13.709029999999998,100.49507,2020-05-22 10:05:50.000,13.676979999999999,100.54658,93.0
5,2027,MASAME,2020-05-22 11:32:42.000,13.70917,100.51021999999999,2020-05-22 11:38:59.000,13.7197,100.5155,41.0
6,2027,MASAME,2020-05-22 11:53:50.000,13.7443,100.53036999999999,2020-05-22 12:01:31.000,13.756160000000001,100.53319,45.0
7,2027,MASAME,2020-05-22 12:25:09.000,13.76689,100.52790999999999,2020-05-22 12:42:42.000,13.757279999999998,100.53652,69.0
8,2027,MASAME,2020-05-22 13:22:17.000,13.7532,100.54175,2020-05-22 13:37:27.000,13.745529999999999,100.56312,63.0
9,2027,MASAME,2020-05-22 13:39:21.000,13.74511,100.56255999999999,2020-05-22 13:50:13.000,13.7378,100.57184000000001,49.0
10,2027,MASAME,2020-05-22 14:08:46.000,13.743079999999999,100.54673000000001,2020-05-22 14:16:27.000,13.74567,100.54048,45.0
11,2027,MASAME,2020-05-22 14:16:51.000,13.746260000000001,100.54056,2020-05-22 14:23:13.000,13.752979999999999,100.5418,43.0
12,2027,MASAME,2020-05-22 15:50:35.000,13.78445,100.45835,2020-05-22 16:03:34.000,13.78439,100.45825,65.0
1,2028,HONGVI,2020-05-22 05:11:28.000,13.89652,100.6092,2020-05-22 05:28:36.000,13.80166,100.61533,117.0
2,2028,HONGVI,2020-05-22 06:03:20.000,13.89572,100.61151,2020-05-22 06:36:31.000,13.91864,100.60124,119.0
3,2028,HONGVI,2020-05-22 07:01:10.000,13.89814,100.61012,2020-05-22 07:14:31.000,13.8713,100.64404,69.0
4,2028,HONGVI,2020-05-22 07:48:20.000,13.89215,100.60641,2020-05-22 08:31:34.000,13.86118,100.4974,143.0
5,2028,HONGVI,2020-05-22 08:52:46.000,13.86018,100.51481,2020-05-22 09:12:00.000,13.850760000000001,100.55762,67.0
6,2028,HONGVI,2020-05-22 12:04:51.000,13.814789999999999,100.56087,2020-05-22 12:29:32.000,13.82076,100.49551,111.0
7,2028,HONGVI,2020-05-22 12:51:07.000,13.807020000000001,100.49315,2020-05-22 13:12:15.000,13.848670000000002,100.43597,93.0
8,2028,HONGVI,2020-05-22 13:20:58.000,13.8365,100.46517,2020-05-22 14:01:59.000,13.91896,100.60143000000001,201.0
1,2028,HONGWI,2020-05-22 16:43:28.000,13.89635,100.60906999999999,2020-05-22 17:07:55.000,13.90647,100.63074,71.0
2,2028,HONGWI,2020-05-22 17:20:35.000,13.911179999999998,100.62756,2020-05-22 17:49:03.000,13.9219,100.65047,73.0
3,2028,HONGWI,2020-05-22 18:05:19.000,13.921429999999999,100.65531999999999,2020-05-22 18:35:30.000,13.891539999999999,100.62586,91.0
4,2028,HONGWI,2020-05-22 18:43:00.000,13.89345,100.61595,2020-05-22 19:13:59.000,13.923910000000001,100.66256,91.0
5,2028,HONGWI,2020-05-22 19:36:16.000,13.90957,100.61683000000001,2020-05-22 19:46:30.000,13.90651,100.62907,49.0
6,2028,HONGWI,2020-05-22 20:02:18.000,13.906479999999998,100.61506999999999,2020-05-22 20:19:57.000,13.8388,100.57518,85.0
7,2028,HONGWI,2020-05-22 20:21:48.000,13.83516,100.57279,2020-05-22 20:35:02.000,13.86043,100.55946,67.0
8,2028,HONGWI,2020-05-22 20:54:31.000,13.83898,100.55793,2020-05-22 21:09:34.000,13.811160000000001,100.53354,73.0
9,2028,HONGWI,2020-05-22 21:36:52.000,13.836260000000001,100.57345,2020-05-22 22:04:17.000,13.82811,100.61994,101.0
10,2028,HONGWI,2020-05-22 22:27:37.000,13.842479999999998,100.57734,2020-05-22 22:38:14.000,13.81492,100.59124,65.0
11,2028,HONGWI,2020-05-22 22:45:39.000,13.815370000000001,100.59626999999999,2020-05-22 22:56:48.000,13.784239999999999,100.61274,61.0
1,2033,PHOTHU,2020-05-22 04:51:41.000,13.70455,100.50523000000001,2020-05-22 05:11:16.000,13.743260000000001,100.40729,117.0
2,2033,PHOTHU,2020-05-22 05:17:34.000,13.73962,100.43078,2020-05-22 05:22:16.000,13.72269,100.45783,53.0
3,2033,PHOTHU,2020-05-22 05:40:05.000,13.732520000000001,100.49264000000001,2020-05-22 05:48:29.000,13.73918,100.51624,57.0
4,2033,PHOTHU,2020-05-22 06:21:24.000,13.72,100.5848,2020-05-22 06:43:12.000,13.661970000000002,100.62124,93.0
5,2033,PHOTHU,2020-05-22 06:52:45.000,13.669979999999999,100.62134,2020-05-22 07:25:50.000,13.62764,100.61286,101.0
6,2033,PHOTHU,2020-05-22 07:29:16.000,13.62766,100.61287,2020-05-22 07:40:48.000,13.646,100.59538,53.0
7,2033,PHOTHU,2020-05-22 08:13:34.000,13.66893,100.51295999999999,2020-05-22 08:33:32.000,13.771560000000001,100.54108000000001,121.0
8,2033,PHOTHU,2020-05-22 09:59:04.000,13.77561,100.56204,2020-05-22 10:05:49.000,13.769979999999999,100.57106,41.0
9,2033,PHOTHU,2020-05-22 10:09:33.000,13.77485,100.57328000000001,2020-05-22 10:26:40.000,13.81675,100.56081,79.0
10,2033,PHOTHU,2020-05-22 11:11:57.000,13.7752,100.56681,2020-05-22 11:25:28.000,13.805539999999999,100.56097,63.0
11,2033,PHOTHU,2020-05-22 11:48:38.000,13.7862,100.56846999999999,2020-05-22 11:53:59.000,13.780420000000001,100.57015,39.0
12,2033,PHOTHU,2020-05-22 11:57:13.000,13.787420000000001,100.57391,2020-05-22 12:06:23.000,13.76566,100.56966,55.0
13,2033,PHOTHU,2020-05-22 12:09:14.000,13.772920000000001,100.57257,2020-05-22 12:32:39.000,13.85685,100.53886999999999,117.0
1,2034,MENEEK,2020-05-22 15:26:48.000,13.82814,100.42329000000001,2020-05-22 15:32:46.000,13.8252,100.41239,53.0
2,2034,MENEEK,2020-05-22 15:39:42.000,13.84184,100.41275999999999,2020-05-22 16:38:00.000,13.78178,100.23231,277.0
3,2034,MENEEK,2020-05-22 17:28:35.000,13.730579999999998,100.24888,2020-05-22 17:40:33.000,13.71774,100.23911,59.0
4,2034,MENEEK,2020-05-22 17:41:24.000,13.7175,100.23674,2020-05-22 17:53:07.000,13.73983,100.2155,65.0
5,2034,MENEEK,2020-05-22 18:45:04.000,13.706570000000001,100.30031,2020-05-22 18:59:59.000,13.730839999999999,100.2491,79.0
6,2034,MENEEK,2020-05-22 22:14:42.000,13.76726,100.40697,2020-05-22 22:19:03.000,13.77476,100.4117,47.0
1,2035,KETSAK,2020-05-22 06:08:00.000,13.7131,100.4359,2020-05-22 06:12:04.000,13.7203,100.45685,43.0
2,2035,KETSAK,2020-05-22 06:12:37.000,13.72042,100.45698,2020-05-22 06:24:40.000,13.71456,100.45357,55.0
3,2035,KETSAK,2020-05-22 06:55:48.000,13.71062,100.40938,2020-05-22 06:59:03.000,13.720310000000001,100.40544,41.0
4,2035,KETSAK,2020-05-22 07:02:53.000,13.743839999999999,100.40555,2020-05-22 07:12:20.000,13.710970000000001,100.40944,71.0
5,2035,KETSAK,2020-05-22 07:18:51.000,13.71209,100.4227,2020-05-22 07:31:10.000,13.761370000000001,100.42702,75.0
6,2035,KETSAK,2020-05-22 07:39:20.000,13.715879999999999,100.42832,2020-05-22 07:56:14.000,13.68781,100.40451999999999,75.0
7,2035,KETSAK,2020-05-22 09:44:00.000,13.7356,100.48865,2020-05-22 10:12:34.000,13.6722,100.50761999999999,109.0
8,2035,KETSAK,2020-05-22 10:28:20.000,13.687,100.48546,2020-05-22 10:52:47.000,13.73039,100.50804000000001,87.0
9,2035,KETSAK,2020-05-22 10:52:57.000,13.73039,100.50804000000001,2020-05-22 11:36:15.000,13.726460000000001,100.38494,155.0
10,2035,KETSAK,2020-05-22 12:40:12.000,13.7561,100.48326999999999,2020-05-22 12:45:36.000,13.756089999999999,100.48393,45.0
1,2036,CHATAP,2020-05-22 12:42:53.000,13.7643,100.53867,2020-05-22 12:54:24.000,13.76119,100.55897,55.0
2,2036,CHATAP,2020-05-22 13:05:45.000,13.76366,100.54095,2020-05-22 13:20:46.000,13.77515,100.54326,45.0
3,2036,CHATAP,2020-05-22 13:42:14.000,13.76414,100.5384,2020-05-22 14:10:04.000,13.733620000000002,100.52882,89.0
4,2036,CHATAP,2020-05-22 14:14:11.000,13.733620000000002,100.52882,2020-05-22 14:41:46.000,13.67503,100.5446,105.0
5,2036,CHATAP,2020-05-22 15:32:42.000,13.7199,100.53102,2020-05-22 16:17:18.000,13.7992,100.53608,121.0
6,2036,CHATAP,2020-05-22 16:18:42.000,13.79959,100.5361,2020-05-22 16:50:52.000,13.73001,100.52023,103.0
1,2037,nan,2020-05-22 03:11:31.000,13.736320000000001,100.61462,2020-05-22 03:28:24.000,13.74281,100.52022,103.0
2,2037,nan,2020-05-22 05:12:07.000,13.727020000000001,100.52251,2020-05-22 05:17:09.000,13.739170000000001,100.51621,43.0
3,2037,nan,2020-05-22 06:09:04.000,13.74342,100.50596,2020-05-22 06:31:05.000,13.692079999999999,100.45212,97.0
4,2037,nan,2020-05-22 07:01:04.000,13.696579999999999,100.40711,2020-05-22 07:41:05.000,13.69232,100.28869,143.0
5,2037,nan,2020-05-22 08:54:51.000,13.71035,100.40145,2020-05-22 09:16:54.000,13.72815,100.48255,91.0
6,2037,nan,2020-05-22 09:23:38.000,13.727020000000001,100.48926999999999,2020-05-22 09:30:32.000,13.730410000000001,100.50797,47.0
7,2037,nan,2020-05-22 09:45:47.000,13.74581,100.49954,2020-05-22 09:54:11.000,13.764420000000001,100.48286,57.0
1,2038,RODPHO,2020-05-22 05:54:43.000,13.73664,100.51025,2020-05-22 06:04:56.000,13.72919,100.53796,57.0
2,2038,RODPHO,2020-05-22 06:25:01.000,13.732489999999999,100.50163,2020-05-22 06:46:55.000,13.721079999999999,100.55496,93.0
3,2038,RODPHO,2020-05-22 06:50:08.000,13.722170000000002,100.55402,2020-05-22 06:54:29.000,13.70062,100.54541,53.0
4,2038,RODPHO,2020-05-22 07:33:52.000,13.726970000000001,100.52155,2020-05-22 07:40:55.000,13.733529999999998,100.52882,47.0
5,2038,RODPHO,2020-05-22 07:41:03.000,13.733529999999998,100.52882,2020-05-22 07:49:58.000,13.74886,100.51671999999999,49.0
6,2038,RODPHO,2020-05-22 08:07:34.000,13.771460000000001,100.48886999999999,2020-05-22 08:39:29.000,13.7184,100.45378000000001,123.0
7,2038,RODPHO,2020-05-22 08:40:43.000,13.715810000000001,100.44696,2020-05-22 08:42:30.000,13.71295,100.43760999999999,37.0
8,2038,RODPHO,2020-05-22 10:20:38.000,13.75716,100.48439,2020-05-22 11:01:18.000,13.763770000000001,100.53296,115.0
9,2038,RODPHO,2020-05-22 11:05:59.000,13.765460000000001,100.52881,2020-05-22 11:11:44.000,13.75874,100.53304,43.0
10,2038,RODPHO,2020-05-22 11:39:39.000,13.7846,100.45879000000001,2020-05-22 11:50:03.000,13.77926,100.47677,57.0
11,2038,RODPHO,2020-05-22 12:21:25.000,13.757439999999999,100.4611,2020-05-22 12:54:53.000,13.698070000000001,100.53913,141.0
12,2038,RODPHO,2020-05-22 13:04:57.000,13.71159,100.52674,2020-05-22 13:24:05.000,13.737620000000001,100.52199,71.0
13,2038,RODPHO,2020-05-22 13:24:28.000,13.737620000000001,100.52199,2020-05-22 13:28:55.000,13.73957,100.53076,39.0
1,2039,nan,2020-05-22 05:45:59.000,13.67211,100.42658,2020-05-22 05:56:03.000,13.64424,100.42484,65.0
2,2039,nan,2020-05-22 06:06:31.000,13.651329999999998,100.42209,2020-05-22 06:44:35.000,13.65139,100.42218000000001,205.0
3,2039,nan,2020-05-22 06:49:03.000,13.6561,100.42856,2020-05-22 06:51:02.000,13.663089999999999,100.43988,39.0
4,2039,nan,2020-05-22 07:47:48.000,13.64274,100.44447,2020-05-22 07:56:07.000,13.643089999999999,100.46138,49.0
5,2039,nan,2020-05-22 09:07:08.000,13.7054,100.46802,2020-05-22 09:14:23.000,13.70645,100.47211999999999,41.0
6,2039,nan,2020-05-22 09:26:42.000,13.7123,100.47085,2020-05-22 09:43:59.000,13.691529999999998,100.4845,67.0
7,2039,nan,2020-05-22 10:21:54.000,13.6602,100.53182,2020-05-22 10:35:45.000,13.701210000000001,100.53652,85.0
8,2039,nan,2020-05-22 10:41:23.000,13.69307,100.53371,2020-05-22 11:10:01.000,13.628639999999999,100.50976,127.0
9,2039,nan,2020-05-22 11:35:21.000,13.573220000000001,100.53049,2020-05-22 11:48:50.000,13.59278,100.57798000000001,77.0
10,2039,nan,2020-05-22 11:53:49.000,13.60247,100.55726999999999,2020-05-22 12:48:09.000,13.567929999999999,100.82502,335.0
1,2040,DAOSRI,2020-05-22 08:44:33.000,13.65195,100.4055,2020-05-22 09:03:21.000,13.672260000000001,100.47277,109.0
2,2040,DAOSRI,2020-05-22 10:48:41.000,13.65339,100.3908,2020-05-22 11:03:48.000,13.63526,100.40202,57.0
3,2040,DAOSRI,2020-05-22 12:07:59.000,13.679260000000001,100.49683,2020-05-22 12:57:30.000,13.645270000000002,100.49932,135.0
4,2040,DAOSRI,2020-05-22 12:57:35.000,13.645270000000002,100.49932,2020-05-22 13:12:46.000,13.647029999999999,100.49636,59.0
1,2040,VICHIA,2020-05-22 03:00:26.000,13.74291,100.54751,2020-05-22 03:28:50.000,13.730360000000001,100.53291,131.0
2,2040,VICHIA,2020-05-22 19:54:39.000,13.693029999999998,100.45544,2020-05-22 20:26:14.000,13.6708,100.49750999999999,109.0
3,2040,VICHIA,2020-05-22 20:50:58.000,13.70021,100.48385999999999,2020-05-22 21:14:26.000,13.770270000000002,100.48496,97.0
4,2040,VICHIA,2020-05-22 21:15:20.000,13.769720000000001,100.48664000000001,2020-05-22 21:20:51.000,13.774970000000001,100.47913,41.0
5,2040,VICHIA,2020-05-22 21:43:30.000,13.780270000000002,100.4758,2020-05-22 21:55:16.000,13.777120000000002,100.48493,51.0
6,2040,VICHIA,2020-05-22 21:58:00.000,13.777389999999999,100.48509,2020-05-22 22:01:15.000,13.769910000000001,100.48503000000001,39.0
7,2040,VICHIA,2020-05-22 22:09:12.000,13.77741,100.48508000000001,2020-05-22 22:14:10.000,13.760670000000001,100.47114,47.0
8,2040,VICHIA,2020-05-22 22:17:45.000,13.763520000000002,100.47334000000001,2020-05-22 22:22:19.000,13.780510000000001,100.47487,45.0
9,2040,VICHIA,2020-05-22 22:29:04.000,13.78381,100.47188,2020-05-22 22:40:28.000,13.80894,100.48354,67.0
1,2041,BUNCHA,2020-05-22 05:45:37.000,13.772639999999999,100.49189,2020-05-22 06:04:35.000,13.767120000000002,100.53369,81.0
2,2041,BUNCHA,2020-05-22 06:23:57.000,13.75484,100.53441,2020-05-22 06:28:10.000,13.75392,100.53713,37.0
3,2041,BUNCHA,2020-05-22 06:32:12.000,13.75521,100.54219,2020-05-22 06:37:43.000,13.78304,100.55829,51.0
4,2041,BUNCHA,2020-05-22 06:41:06.000,13.78912,100.55584,2020-05-22 07:24:04.000,13.75295,100.49614,129.0
5,2041,BUNCHA,2020-05-22 08:22:40.000,13.75012,100.48957,2020-05-22 08:39:01.000,13.77311,100.52015,71.0
6,2041,BUNCHA,2020-05-22 08:52:16.000,13.76925,100.50656,2020-05-22 09:23:50.000,13.728539999999999,100.53582,103.0
7,2041,BUNCHA,2020-05-22 09:47:35.000,13.748129999999998,100.49775,2020-05-22 10:00:40.000,13.74071,100.50921,53.0
8,2041,BUNCHA,2020-05-22 10:28:03.000,13.75406,100.49398000000001,2020-05-22 10:45:00.000,13.73351,100.47194,77.0
9,2041,BUNCHA,2020-05-22 12:11:44.000,13.73241,100.48297,2020-05-22 12:37:43.000,13.69455,100.49426,95.0
10,2041,BUNCHA,2020-05-22 12:47:11.000,13.70784,100.49303,2020-05-22 12:57:53.000,13.727020000000001,100.50928,57.0
11,2041,BUNCHA,2020-05-22 12:58:28.000,13.726370000000001,100.50967,2020-05-22 13:32:46.000,13.85924,100.40858,207.0
1,2042,PHIMPH,2020-05-22 03:00:47.000,13.703270000000002,100.51722,2020-05-22 03:10:46.000,13.70769,100.4764,67.0
2,2042,PHIMPH,2020-05-22 03:16:43.000,13.708929999999999,100.48014,2020-05-22 03:21:17.000,13.704270000000001,100.4799,37.0
3,2042,PHIMPH,2020-05-22 03:23:45.000,13.708879999999999,100.48013,2020-05-22 03:37:42.000,13.650910000000001,100.52615,95.0
4,2042,PHIMPH,2020-05-22 04:32:22.000,13.743329999999998,100.50376,2020-05-22 04:56:42.000,13.71584,100.59777,115.0
5,2042,PHIMPH,2020-05-22 05:26:13.000,13.71996,100.51576999999999,2020-05-22 05:36:52.000,13.69431,100.49868000000001,69.0
6,2042,PHIMPH,2020-05-22 17:43:07.000,13.71449,100.47192,2020-05-22 17:56:55.000,13.68179,100.4077,79.0
7,2042,PHIMPH,2020-05-22 18:29:14.000,13.68169,100.43934,2020-05-22 20:04:13.000,13.57898,100.55471999999999,283.0
8,2042,PHIMPH,2020-05-22 20:56:17.000,13.69079,100.48115,2020-05-22 21:11:45.000,13.69995,100.53151,85.0
9,2042,PHIMPH,2020-05-22 21:15:12.000,13.70641,100.5262,2020-05-22 21:30:16.000,13.71136,100.49945,69.0
10,2042,PHIMPH,2020-05-22 21:40:33.000,13.720839999999999,100.49436999999999,2020-05-22 21:49:52.000,13.686129999999999,100.48109000000001,61.0
11,2042,PHIMPH,2020-05-22 21:55:24.000,13.69086,100.48111999999999,2020-05-22 22:03:14.000,13.711920000000001,100.50068,55.0
1,2042,WANGMO,2020-05-22 07:55:12.000,13.720139999999999,100.47438000000001,2020-05-22 08:18:51.000,13.75663,100.49245,81.0
2,2042,WANGMO,2020-05-22 08:23:11.000,13.765260000000001,100.48801999999999,2020-05-22 08:26:54.000,13.75949,100.48576,39.0
3,2042,WANGMO,2020-05-22 08:52:01.000,13.78605,100.47018,2020-05-22 09:13:40.000,13.76852,100.50054,73.0
4,2042,WANGMO,2020-05-22 09:39:14.000,13.753870000000001,100.53005999999999,2020-05-22 09:44:55.000,13.746279999999999,100.53801999999999,41.0
5,2042,WANGMO,2020-05-22 10:05:09.000,13.764660000000001,100.53761,2020-05-22 10:26:26.000,13.74054,100.49732,83.0
6,2042,WANGMO,2020-05-22 10:30:01.000,13.742379999999999,100.49585,2020-05-22 11:02:23.000,13.74264,100.3557,209.0
7,2042,WANGMO,2020-05-22 11:09:38.000,13.731910000000001,100.36846,2020-05-22 11:22:40.000,13.699160000000001,100.34033000000001,71.0
8,2042,WANGMO,2020-05-22 11:55:10.000,13.71609,100.44678,2020-05-22 12:32:27.000,13.724210000000001,100.54954000000001,133.0
9,2042,WANGMO,2020-05-22 12:40:44.000,13.719879999999998,100.56009,2020-05-22 12:58:09.000,13.72086,100.5992,71.0
10,2042,WANGMO,2020-05-22 13:02:56.000,13.71483,100.59486,2020-05-22 13:25:35.000,13.73582,100.56278,81.0
11,2042,WANGMO,2020-05-22 13:35:14.000,13.738529999999999,100.55811,2020-05-22 14:13:13.000,13.740620000000002,100.46296,139.0
12,2042,WANGMO,2020-05-22 14:58:15.000,13.73715,100.43978,2020-05-22 15:07:56.000,13.74177,100.44694,49.0
13,2042,WANGMO,2020-05-22 15:34:52.000,13.74213,100.47049,2020-05-22 15:40:26.000,13.75035,100.46432,39.0
1,2043,KHUNPR,2020-05-22 03:50:50.000,13.82405,100.44769000000001,2020-05-22 04:15:56.000,13.837879999999998,100.35936,125.0
2,2043,KHUNPR,2020-05-22 17:13:37.000,13.755939999999999,100.48228,2020-05-22 17:21:52.000,13.7632,100.48968,45.0
3,2043,KHUNPR,2020-05-22 17:24:30.000,13.7651,100.48328000000001,2020-05-22 17:40:58.000,13.75234,100.49831,67.0
4,2043,KHUNPR,2020-05-22 17:43:40.000,13.750810000000001,100.5019,2020-05-22 17:50:58.000,13.7398,100.50516,45.0
5,2043,KHUNPR,2020-05-22 17:56:23.000,13.74156,100.5078,2020-05-22 18:04:27.000,13.74862,100.51021,43.0
6,2043,KHUNPR,2020-05-22 18:14:30.000,13.745729999999998,100.50955,2020-05-22 18:56:00.000,13.695129999999999,100.49914,119.0
7,2043,KHUNPR,2020-05-22 19:12:09.000,13.70764,100.52674,2020-05-22 19:25:54.000,13.717989999999999,100.52702,55.0
8,2043,KHUNPR,2020-05-22 19:34:14.000,13.720229999999999,100.52549,2020-05-22 20:03:47.000,13.71546,100.48001,83.0
1,2043,SEEIN_,2020-05-22 04:58:12.000,13.837929999999998,100.35936,2020-05-22 05:10:14.000,13.83445,100.40929,73.0
2,2043,SEEIN_,2020-05-22 05:11:49.000,13.83531,100.4105,2020-05-22 05:32:23.000,13.7589,100.49712,143.0
3,2043,SEEIN_,2020-05-22 05:34:32.000,13.759770000000001,100.49909,2020-05-22 05:55:34.000,13.74368,100.60311,111.0
4,2043,SEEIN_,2020-05-22 06:03:32.000,13.744179999999998,100.58685,2020-05-22 06:18:47.000,13.81293,100.54906,105.0
5,2043,SEEIN_,2020-05-22 07:10:09.000,13.75726,100.49821,2020-05-22 07:46:44.000,13.743929999999999,100.41865,137.0
6,2043,SEEIN_,2020-05-22 08:06:50.000,13.73831,100.45206999999999,2020-05-22 08:33:22.000,13.7562,100.48444,87.0
7,2043,SEEIN_,2020-05-22 09:12:04.000,13.756789999999999,100.50041999999999,2020-05-22 09:19:36.000,13.75725,100.48333000000001,53.0
8,2043,SEEIN_,2020-05-22 10:07:04.000,13.76704,100.47116,2020-05-22 10:24:29.000,13.754589999999999,100.48262,65.0
9,2043,SEEIN_,2020-05-22 11:09:42.000,13.754560000000001,100.49750999999999,2020-05-22 11:11:40.000,13.748120000000002,100.4965,35.0
10,2043,SEEIN_,2020-05-22 11:12:10.000,13.747279999999998,100.49701999999999,2020-05-22 11:34:46.000,13.741420000000002,100.51139,79.0
11,2043,SEEIN_,2020-05-22 11:41:48.000,13.74347,100.50586,2020-05-22 11:43:42.000,13.74189,100.50044,35.0
12,2043,SEEIN_,2020-05-22 11:49:14.000,13.742339999999999,100.49624,2020-05-22 11:55:13.000,13.75566,100.49806,41.0
13,2043,SEEIN_,2020-05-22 11:59:14.000,13.75141,100.49761,2020-05-22 12:03:39.000,13.746129999999999,100.50091,39.0
14,2043,SEEIN_,2020-05-22 12:04:03.000,13.745679999999998,100.50075,2020-05-22 12:18:04.000,13.733260000000001,100.47046,65.0
15,2043,SEEIN_,2020-05-22 12:28:33.000,13.734620000000001,100.48491,2020-05-22 12:37:35.000,13.72021,100.47513000000001,49.0
1,2044,DONTHA,2020-05-22 11:09:30.000,13.809629999999999,100.52573000000001,2020-05-22 11:34:04.000,13.8158,100.43892,115.0
2,2044,DONTHA,2020-05-22 12:40:31.000,13.73956,100.48446,2020-05-22 12:59:58.000,13.704170000000001,100.4696,71.0
3,2044,DONTHA,2020-05-22 13:28:49.000,13.71945,100.5154,2020-05-22 13:34:33.000,13.7236,100.52028,41.0
4,2044,DONTHA,2020-05-22 13:42:08.000,13.73034,100.53288,2020-05-22 13:46:31.000,13.728639999999999,100.52643,39.0
5,2044,DONTHA,2020-05-22 14:01:01.000,13.740739999999999,100.53503,2020-05-22 14:08:36.000,13.739920000000001,100.52539,47.0
6,2044,DONTHA,2020-05-22 14:30:57.000,13.73355,100.52736,2020-05-22 15:04:24.000,13.79173,100.54888000000001,111.0
7,2044,DONTHA,2020-05-22 15:27:03.000,13.77995,100.53645999999999,2020-05-22 15:50:03.000,13.75606,100.49043,87.0
8,2044,DONTHA,2020-05-22 15:50:44.000,13.75622,100.49004000000001,2020-05-22 16:16:37.000,13.745560000000001,100.53801,85.0
9,2044,DONTHA,2020-05-22 16:20:42.000,13.745829999999998,100.53384,2020-05-22 16:31:31.000,13.754579999999999,100.53,53.0
10,2044,DONTHA,2020-05-22 16:33:38.000,13.75586,100.529,2020-05-22 18:38:05.000,13.713920000000002,100.5543,333.0